INSERT INTO public."Addresses" ("Id","Street","HouseNumber","ZIP","City","CountryId") VALUES 
(1,'Zgornja Bistrica','96','2310','Slovenska Bistrica',203)
,(3,'Zgornja Bistrica','96','2310','Slovenska Bistrica',203)
,(4,'Zgornja Bistrica ','96','2310','Slovenska Bistrica',203)
,(5,'Vošnjakova ulica','1','2314','Zgornja Polskava',203)
,(7,'sdfsdf','34','34','asd',2)
,(11,'Vošnjakovićeva','3','10000','Zagreb',56)
,(13,'Zgornja Bistrica','95A','2310','Slovenska Bistrica',203)
,(14,'Zgornja Bistrica','96C','2310','Slovenska Bistrica',203)
,(15,'Zgornja Bistrica','95','2310','Slovenska Bistrica',203)
;INSERT INTO public."Contacts" ("Id","Name","DateOfBirth","AddressId") VALUES 
(1,'Lori','2018-04-10 00:00:00.000',1)
,(4,'Tori','2017-09-20 22:00:00.000',1)
,(8,'Stefan Pokerznik','1968-12-22 23:00:00.000',1)
,(9,'Sandra Pokerznik','1973-08-18 23:00:00.000',1)
,(10,'Zala Pokerznik','2005-09-26 22:00:00.000',1)
,(12,'Žan Pokeržnik','1996-08-21 22:00:00.000',1)
,(25,'Marjan Pufiche','1950-01-01 23:00:00.000',13)
,(24,'Marjan Pufko','1950-10-10 23:00:00.000',14)
,(26,'Marjanko Pufko','1950-01-01 23:00:00.000',14)
,(23,'Marjan Pufic','1950-10-12 23:00:00.000',14)
;
INSERT INTO public."Contacts" ("Id","Name","DateOfBirth","AddressId") VALUES 
(20,'Teja Cresnik','1998-01-09 23:00:00.000',11)
;INSERT INTO public."Countries" ("Id","Name") VALUES 
(1,'Afghanistan')
,(2,'Åland Islands')
,(3,'Albania')
,(4,'Algeria')
,(5,'American Samoa')
,(6,'Andorra')
,(7,'Angola')
,(8,'Anguilla')
,(9,'Antarctica')
,(10,'Antigua and Barbuda')
;
INSERT INTO public."Countries" ("Id","Name") VALUES 
(11,'Argentina')
,(12,'Armenia')
,(13,'Aruba')
,(14,'Australia')
,(15,'Austria')
,(16,'Azerbaijan')
,(17,'Bahamas')
,(18,'Bahrain')
,(19,'Bangladesh')
,(20,'Barbados')
;
INSERT INTO public."Countries" ("Id","Name") VALUES 
(21,'Belarus')
,(22,'Belgium')
,(23,'Belize')
,(24,'Benin')
,(25,'Bermuda')
,(26,'Bhutan')
,(27,'Bolivia, Plurinational State of')
,(28,'Bonaire, Sint Eustatius and Saba')
,(29,'Bosnia and Herzegovina')
,(30,'Botswana')
;
INSERT INTO public."Countries" ("Id","Name") VALUES 
(31,'Bouvet Island')
,(32,'Brazil')
,(33,'British Indian Ocean Territory')
,(34,'Brunei Darussalam')
,(35,'Bulgaria')
,(36,'Burkina Faso')
,(37,'Burundi')
,(38,'Cambodia')
,(39,'Cameroon')
,(40,'Canada')
;
INSERT INTO public."Countries" ("Id","Name") VALUES 
(41,'Cape Verde')
,(42,'Cayman Islands')
,(43,'Central African Republic')
,(44,'Chad')
,(45,'Chile')
,(46,'China')
,(47,'Christmas Island')
,(48,'Cocos (Keeling) Islands')
,(49,'Colombia')
,(50,'Comoros')
;
INSERT INTO public."Countries" ("Id","Name") VALUES 
(51,'Congo')
,(52,'Congo, the Democratic Republic of the')
,(53,'Cook Islands')
,(54,'Costa Rica')
,(55,'Côte d''Ivoire')
,(56,'Croatia')
,(57,'Cuba')
,(58,'Curaçao')
,(59,'Cyprus')
,(60,'Czech Republic')
;
INSERT INTO public."Countries" ("Id","Name") VALUES 
(61,'Denmark')
,(62,'Djibouti')
,(63,'Dominica')
,(64,'Dominican Republic')
,(65,'Ecuador')
,(66,'Egypt')
,(67,'El Salvador')
,(68,'Equatorial Guinea')
,(69,'Eritrea')
,(70,'Estonia')
;
INSERT INTO public."Countries" ("Id","Name") VALUES 
(71,'Ethiopia')
,(72,'Falkland Islands (Malvinas)')
,(73,'Faroe Islands')
,(74,'Fiji')
,(75,'Finland')
,(76,'France')
,(77,'French Guiana')
,(78,'French Polynesia')
,(79,'French Southern Territories')
,(80,'Gabon')
;
INSERT INTO public."Countries" ("Id","Name") VALUES 
(81,'Gambia')
,(82,'Georgia')
,(83,'Germany')
,(84,'Ghana')
,(85,'Gibraltar')
,(86,'Greece')
,(87,'Greenland')
,(88,'Grenada')
,(89,'Guadeloupe')
,(90,'Guam')
;
INSERT INTO public."Countries" ("Id","Name") VALUES 
(91,'Guatemala')
,(92,'Guernsey')
,(93,'Guinea')
,(94,'Guinea-Bissau')
,(95,'Guyana')
,(96,'Haiti')
,(97,'Heard Island and McDonald Islands')
,(98,'Holy See (Vatican City State)')
,(99,'Honduras')
,(100,'Hong Kong')
;
INSERT INTO public."Countries" ("Id","Name") VALUES 
(101,'Hungary')
,(102,'Iceland')
,(103,'India')
,(104,'Indonesia')
,(105,'Iran, Islamic Republic of')
,(106,'Iraq')
,(107,'Ireland')
,(108,'Isle of Man')
,(109,'Israel')
,(110,'Italy')
;
INSERT INTO public."Countries" ("Id","Name") VALUES 
(111,'Jamaica')
,(112,'Japan')
,(113,'Jersey')
,(114,'Jordan')
,(115,'Kazakhstan')
,(116,'Kenya')
,(117,'Kiribati')
,(118,'Korea, Democratic People''s Republic of')
,(119,'Korea, Republic of')
,(120,'Kuwait')
;
INSERT INTO public."Countries" ("Id","Name") VALUES 
(121,'Kyrgyzstan')
,(122,'Lao People''s Democratic Republic')
,(123,'Latvia')
,(124,'Lebanon')
,(125,'Lesotho')
,(126,'Liberia')
,(127,'Libya')
,(128,'Liechtenstein')
,(129,'Lithuania')
,(130,'Luxembourg')
;
INSERT INTO public."Countries" ("Id","Name") VALUES 
(131,'Macao')
,(132,'Macedonia, the Former Yugoslav Republic of')
,(133,'Madagascar')
,(134,'Malawi')
,(135,'Malaysia')
,(136,'Maldives')
,(137,'Mali')
,(138,'Malta')
,(139,'Marshall Islands')
,(140,'Martinique')
;
INSERT INTO public."Countries" ("Id","Name") VALUES 
(141,'Mauritania')
,(142,'Mauritius')
,(143,'Mayotte')
,(144,'Mexico')
,(145,'Micronesia, Federated States of')
,(146,'Moldova, Republic of')
,(147,'Monaco')
,(148,'Mongolia')
,(149,'Montenegro')
,(150,'Montserrat')
;
INSERT INTO public."Countries" ("Id","Name") VALUES 
(151,'Morocco')
,(152,'Mozambique')
,(153,'Myanmar')
,(154,'Namibia')
,(155,'Nauru')
,(156,'Nepal')
,(157,'Netherlands')
,(158,'New Caledonia')
,(159,'New Zealand')
,(160,'Nicaragua')
;
INSERT INTO public."Countries" ("Id","Name") VALUES 
(161,'Niger')
,(162,'Nigeria')
,(163,'Niue')
,(164,'Norfolk Island')
,(165,'Northern Mariana Islands')
,(166,'Norway')
,(167,'Oman')
,(168,'Pakistan')
,(169,'Palau')
,(170,'Palestine, State of')
;
INSERT INTO public."Countries" ("Id","Name") VALUES 
(171,'Panama')
,(172,'Papua New Guinea')
,(173,'Paraguay')
,(174,'Peru')
,(175,'Philippines')
,(176,'Pitcairn')
,(177,'Poland')
,(178,'Portugal')
,(179,'Puerto Rico')
,(180,'Qatar')
;
INSERT INTO public."Countries" ("Id","Name") VALUES 
(181,'Réunion')
,(182,'Romania')
,(183,'Russian Federation')
,(184,'Rwanda')
,(185,'Saint Barthélemy')
,(186,'Saint Helena, Ascension and Tristan da Cunha')
,(187,'Saint Kitts and Nevis')
,(188,'Saint Lucia')
,(189,'Saint Martin (French part)')
,(190,'Saint Pierre and Miquelon')
;
INSERT INTO public."Countries" ("Id","Name") VALUES 
(191,'Saint Vincent and the Grenadines')
,(192,'Samoa')
,(193,'San Marino')
,(194,'Sao Tome and Principe')
,(195,'Saudi Arabia')
,(196,'Senegal')
,(197,'Serbia')
,(198,'Seychelles')
,(199,'Sierra Leone')
,(200,'Singapore')
;
INSERT INTO public."Countries" ("Id","Name") VALUES 
(201,'Sint Maarten (Dutch part)')
,(202,'Slovakia')
,(203,'Slovenia')
,(204,'Solomon Islands')
,(205,'Somalia')
,(206,'South Africa')
,(207,'South Georgia and the South Sandwich Islands')
,(208,'South Sudan')
,(209,'Spain')
,(210,'Sri Lanka')
;
INSERT INTO public."Countries" ("Id","Name") VALUES 
(211,'Sudan')
,(212,'Suriname')
,(213,'Svalbard and Jan Mayen')
,(214,'Swaziland')
,(215,'Sweden')
,(216,'Switzerland')
,(217,'Syrian Arab Republic')
,(218,'Taiwan, Province of China')
,(219,'Tajikistan')
,(220,'Tanzania, United Republic of')
;
INSERT INTO public."Countries" ("Id","Name") VALUES 
(221,'Thailand')
,(222,'Timor-Leste')
,(223,'Togo')
,(224,'Tokelau')
,(225,'Tonga')
,(226,'Trinidad and Tobago')
,(227,'Tunisia')
,(228,'Turkey')
,(229,'Turkmenistan')
,(230,'Turks and Caicos Islands')
;
INSERT INTO public."Countries" ("Id","Name") VALUES 
(231,'Tuvalu')
,(232,'Uganda')
,(233,'Ukraine')
,(234,'United Arab Emirates')
,(235,'United Kingdom')
,(236,'United States')
,(237,'United States Minor Outlying Islands')
,(238,'Uruguay')
,(239,'Uzbekistan')
,(240,'Vanuatu')
;
INSERT INTO public."Countries" ("Id","Name") VALUES 
(241,'Venezuela, Bolivarian Republic of')
,(242,'Viet Nam')
,(243,'Virgin Islands, British')
,(244,'Virgin Islands, U.S.')
,(245,'Wallis and Futuna')
,(246,'Western Sahara')
,(247,'Yemen')
,(248,'Zambia')
,(249,'Zimbabwe')
,(250,'Loričislandija')
;INSERT INTO public."TelephoneNumbers" ("Id","CountryCode","AreaCode","PhoneNumber","ContactId") VALUES 
(1,'386',NULL,'40716065',1)
,(66,'386','40','716065',26)
,(68,'386','50','123698',23)
,(5,'386','31','402088',8)
,(6,'386','31','819545',9)
,(7,'386','31','222555',10)
,(9,'386','40','716065',12)
,(4,'386','30','250591',NULL)
,(76,'386','30','250591',20)
,(18,'386','40','716065',NULL)
;
INSERT INTO public."TelephoneNumbers" ("Id","CountryCode","AreaCode","PhoneNumber","ContactId") VALUES 
(19,'386','30','250591',NULL)
,(2,'386','40','716065',NULL)
,(3,'386','30','250591',NULL)
,(28,'386','50','214454',NULL)
,(53,'386','22','555555',25)
,(65,'386','35','123456',24)
;INSERT INTO public."__EFMigrationsHistory" ("MigrationId","ProductVersion") VALUES 
('20200330081645_InitialCreate','3.1.3')
,('20200331182622_PhoneNrFix','3.1.3')
;